,Country,Sex,Marital status,15-19,20-24,25-29,30-34,35-39,40-44,45-49,50-54,55-59,60-64,65+
0,Albania,Men,Single,98.0,90.2,61.0,26.3,11.1,5.4,3.1,2.2,1.6,1.2,1.4
1,Albania,Men,Married,1.9,9.6,38.5,72.7,87.6,93.2,95.4,96.0,96.1,95.4,87.1
2,Albania,Men,Divorced,0.0,0.1,0.3,0.8,1.1,1.1,1.1,1.0,0.9,0.8,0.5
3,Albania,Women,Single,92.8,62.6,31.1,14.7,7.3,4.3,3.1,2.6,2.3,1.7,1.7
4,Albania,Women,Married,7.0,36.7,67.0,82.5,88.8,91.1,91.0,89.6,86.1,80.2,49.9
5,Albania,Women,Divorced,0.1,0.6,1.4,1.9,2.1,1.9,1.7,1.5,1.5,1.1,0.6
6,Algeria,Men,Single,99.8,98.4,85.4,53.6,18.9,7.3,2.3,1.3,0.9,0.3,0.2
7,Algeria,Men,Married,0.2,1.6,14.4,45.8,80.0,91.7,96.9,97.6,97.2,97.2,96.4
8,Algeria,Men,Divorced,0.0,0.0,0.2,0.5,1.0,1.0,0.6,0.5,0.7,0.4,0.1
9,Algeria,Women,Single,98.2,83.4,57.6,33.7,16.6,9.1,3.8,2.6,1.5,0.6,0.9
10,Algeria,Women,Married,1.8,16.1,40.8,62.8,77.0,83.1,84.9,81.4,80.4,66.1,57.5
11,Algeria,Women,Divorced,0.0,0.4,1.3,2.5,4.0,4.0,4.2,3.8,3.1,3.1,1.9
12,Anguilla,Men,Single,100.0,94.9,76.3,56.2,45.0,38.1,29.2,29.4,26.8,18.9,14.7
13,Anguilla,Men,Married,0.0,4.8,22.4,40.8,47.9,53.5,59.7,59.2,62.2,62.9,60.4
14,Anguilla,Men,Divorced,0.0,0.0,0.7,1.4,2.0,3.3,6.1,6.8,3.0,7.0,6.0
15,Anguilla,Women,Single,98.6,85.0,67.4,47.6,44.7,36.7,33.8,32.3,23.9,18.2,19.4
16,Anguilla,Women,Married,1.4,14.3,30.2,46.8,47.0,51.6,51.9,48.3,47.7,52.8,36.6
17,Anguilla,Women,Divorced,0.0,0.0,1.2,1.6,4.1,4.4,6.6,8.2,10.3,5.7,5.0
18,Antigua and Barbuda,Men,Single,98.9,90.0,64.3,46.3,33.9,28.6,29.4,21.7,21.5,20.3,19.6
19,Antigua and Barbuda,Men,Married,0.2,3.0,16.2,32.6,43.2,50.7,51.1,59.6,58.5,60.8,55.8
20,Antigua and Barbuda,Men,Divorced,0.0,0.0,0.2,0.6,0.9,1.7,2.7,4.2,5.7,4.0,4.4
21,Antigua and Barbuda,Women,Single,96.1,77.8,58.3,46.5,41.1,39.4,39.2,37.0,32.4,29.7,32.0
22,Antigua and Barbuda,Women,Married,1.0,7.7,22.4,33.4,37.6,42.4,43.0,42.5,45.0,45.2,28.3
23,Antigua and Barbuda,Women,Divorced,0.0,0.0,0.5,1.6,2.3,3.1,4.8,6.3,5.6,4.7,2.5
24,Argentina,Men,Single,94.0,72.7,47.0,27.5,18.4,14.8,12.3,10.9,9.7,8.8,7.7
25,Argentina,Men,Married,0.4,3.7,14.6,31.5,45.7,54.0,59.8,62.7,65.3,67.4,64.2
26,Argentina,Men,Divorced,0.0,0.1,0.4,1.3,2.5,4.1,5.6,6.5,6.8,6.3,3.4
27,Argentina,Women,Single,87.1,60.4,37.7,23.6,17.3,14.4,12.6,11.6,10.4,9.9,9.2
28,Argentina,Women,Married,1.1,7.5,21.1,37.1,48.4,54.9,57.9,58.4,57.8,55.0,28.9
29,Argentina,Women,Divorced,0.1,0.3,1.0,2.3,4.5,7.2,9.0,10.2,10.2,8.8,3.3
30,Aruba,Men,Single,99.8,94.7,75.8,51.6,34.8,26.0,23.1,20.8,16.2,11.8,8.9
31,Aruba,Men,Married,0.2,4.9,21.0,41.2,53.6,59.3,59.8,61.5,65.9,68.3,68.5
32,Aruba,Men,Divorced,0.0,0.4,3.1,7.0,11.4,14.2,16.4,16.4,16.1,15.8,10.0
33,Aruba,Women,Single,99.2,89.6,63.6,42.2,32.2,26.9,27.0,24.7,22.8,20.4,16.2
34,Aruba,Women,Married,0.8,9.6,31.4,47.3,52.9,53.4,50.4,50.3,50.2,49.0,36.4
35,Aruba,Women,Divorced,0.0,0.7,4.9,10.0,13.8,17.8,19.7,20.7,20.1,20.1,12.7
36,Australia,Men,Single,99.6,95.4,73.6,46.0,30.9,22.2,16.4,11.9,8.4,6.9,5.8
37,Australia,Men,Married,0.3,4.2,24.2,48.0,58.9,63.5,65.9,68.2,71.4,73.8,71.3
38,Australia,Men,Divorced,0.1,0.2,1.0,3.4,6.6,9.6,12.3,14.0,14.0,12.8,7.8
39,Australia,Women,Single,99.2,89.6,60.3,34.9,22.5,15.6,11.3,8.0,5.5,4.3,4.0
40,Australia,Women,Married,0.6,9.4,35.3,55.6,62.6,64.6,65.4,66.6,67.6,66.8,44.6
41,Australia,Women,Divorced,0.1,0.3,2.0,5.4,9.5,13.1,15.7,17.0,16.8,15.0,7.7
42,Austria,Men,Single,100.0,96.3,83.5,58.8,40.6,28.5,20.3,13.6,11.4,7.9,5.2
43,Austria,Men,Married,0.0,3.7,16.5,38.0,52.8,62.2,67.9,71.1,74.0,77.0,76.2
44,Austria,Men,Divorced,0.0,0.0,0.0,3.2,6.6,9.3,11.7,15.3,13.3,12.6,6.6
45,Austria,Women,Single,100.0,90.3,68.9,44.6,28.8,20.5,13.7,10.5,8.1,6.2,6.4
46,Austria,Women,Married,0.0,9.7,28.1,50.4,63.4,65.0,69.8,69.2,68.7,65.1,42.5
47,Austria,Women,Divorced,0.0,0.0,2.9,5.0,7.8,13.5,14.5,16.5,15.9,13.6,8.0
48,Azerbaijan,Men,Single,99.7,85.0,47.0,21.8,11.3,5.1,2.7,1.6,1.2,0.9,0.5
49,Azerbaijan,Men,Married,0.3,14.9,52.1,76.5,86.5,92.3,94.7,95.2,94.3,91.8,79.9
50,Azerbaijan,Men,Divorced,0.0,0.1,0.8,1.3,1.7,1.7,1.4,1.2,1.1,1.0,0.5
51,Azerbaijan,Women,Single,91.7,55.4,28.6,16.7,11.2,8.2,6.9,5.3,3.8,2.6,1.8
52,Azerbaijan,Women,Married,8.2,43.3,67.7,76.8,80.4,81.6,80.4,76.2,68.5,59.6,36.9
53,Azerbaijan,Women,Divorced,0.1,1.1,2.8,4.4,4.7,4.2,3.9,3.5,3.0,2.2,1.0
54,Bahrain,Men,Single,99.7,86.5,62.2,38.2,21.2,13.3,8.3,6.0,5.0,3.4,3.4
55,Bahrain,Men,Married,0.3,13.3,37.3,61.1,78.0,85.9,90.6,92.4,92.7,93.1,87.3
56,Bahrain,Men,Divorced,0.0,0.2,0.5,0.7,0.8,0.8,0.9,1.3,1.7,2.1,3.3
57,Bahrain,Women,Single,95.8,65.1,36.2,25.9,17.3,11.4,8.8,5.5,2.6,1.8,1.3
58,Bahrain,Women,Married,4.1,33.8,61.7,71.3,78.7,82.3,82.3,80.5,74.4,64.4,42.2
59,Bahrain,Women,Divorced,0.1,1.0,1.8,2.0,2.7,3.5,3.9,4.0,4.3,4.6,4.4
60,Belarus,Men,Single,99.3,79.0,39.4,20.8,12.9,8.4,6.6,5.4,4.2,3.0,1.6
61,Belarus,Men,Married,0.5,17.2,51.1,63.8,67.8,70.5,72.5,74.3,76.0,77.4,70.2
62,Belarus,Men,Divorced,0.0,0.7,3.6,7.6,10.6,12.1,11.6,10.7,9.4,7.4,3.3
63,Belarus,Women,Single,96.0,58.7,25.0,13.7,8.5,5.7,4.5,3.8,3.6,3.2,4.3
64,Belarus,Women,Married,2.9,34.1,61.2,65.7,65.8,65.7,65.2,63.3,58.1,51.3,27.1
65,Belarus,Women,Divorced,0.1,1.8,6.6,11.6,15.5,16.9,16.7,15.4,14.2,11.7,5.4
66,Belgium,Men,Single,99.9,96.6,78.8,55.5,38.2,25.7,18.2,12.8,9.2,7.2,5.8
67,Belgium,Men,Married,0.1,3.3,19.9,40.0,52.2,59.8,64.2,68.0,72.0,75.7,73.3
68,Belgium,Men,Divorced,0.0,0.1,1.3,4.4,9.4,14.2,17.0,18.0,16.6,13.5,6.8
69,Belgium,Women,Single,99.4,89.2,64.9,43.0,27.7,17.6,12.1,8.5,6.2,4.7,5.3
70,Belgium,Women,Married,0.6,10.3,32.3,49.6,58.5,63.6,65.8,67.5,68.7,68.5,43.9
71,Belgium,Women,Divorced,0.0,0.4,2.7,7.1,13.1,17.5,19.5,19.5,17.5,14.3,6.7
72,Belize,Men,Single,93.6,58.4,27.2,18.0,15.1,13.1,12.5,11.7,11.0,10.7,12.9
73,Belize,Men,Married,1.0,16.0,37.7,50.0,53.8,58.5,61.2,61.5,65.2,61.8,56.2
74,Belize,Men,Divorced,0.0,0.0,0.1,0.2,0.3,0.6,0.8,1.3,1.2,1.7,1.2
75,Belize,Women,Single,77.8,38.0,20.8,15.6,13.4,12.9,12.3,12.3,11.2,12.3,16.7
76,Belize,Women,Married,6.6,27.3,43.1,49.9,53.9,57.5,58.5,58.1,59.2,53.6,35.4
77,Belize,Women,Divorced,0.0,0.1,0.2,0.7,1.1,1.4,1.4,1.9,2.2,1.7,1.6
78,Bermuda,Men,Single,99.8,97.2,78.1,49.4,32.5,24.1,20.7,17.7,13.8,11.0,6.1
79,Bermuda,Men,Married,0.1,2.7,20.0,45.7,60.4,64.7,65.2,65.4,66.2,69.7,70.6
80,Bermuda,Men,Divorced,0.1,0.1,1.7,4.5,6.5,10.1,13.0,15.4,17.4,16.6,12.0
81,Bermuda,Women,Single,99.9,94.0,72.3,45.5,33.0,25.4,21.2,19.4,14.2,11.1,8.2
82,Bermuda,Women,Married,0.1,5.9,24.8,47.9,57.1,60.3,58.6,56.6,56.0,55.6,38.8
83,Bermuda,Women,Divorced,0.0,0.0,2.3,5.9,9.1,12.6,17.9,20.1,24.1,24.8,17.1
84,Botswana,Men,Single,98.8,89.3,68.9,48.3,34.7,24.5,18.7,15.0,12.6,11.1,9.0
85,Botswana,Men,Married,0.1,1.2,5.4,17.6,30.2,42.6,50.6,55.8,59.3,61.7,63.4
86,Botswana,Men,Divorced,0.0,0.0,0.1,0.3,0.8,1.6,2.4,2.9,3.1,2.9,2.7
87,Botswana,Women,Single,94.7,71.2,53.0,40.6,33.8,29.7,26.7,24.8,22.2,20.7,15.1
88,Botswana,Women,Married,0.3,4.2,14.2,27.4,35.2,39.6,42.3,44.9,43.8,42.2,30.6
89,Botswana,Women,Divorced,0.0,0.1,0.3,0.8,1.7,2.9,3.5,1.2,3.5,3.1,2.6
90,Brazil,Men,Single,98.9,90.1,73.6,57.9,46.8,37.8,29.7,23.3,18.2,15.4,12.6
91,Brazil,Men,Married,1.0,9.4,24.9,38.8,47.9,54.4,60.0,64.0,67.8,69.7,65.8
92,Brazil,Men,Divorced,0.1,0.2,0.8,1.9,3.2,4.5,5.9,6.8,6.7,5.9,3.7
93,Brazil,Women,Single,95.8,81.0,64.3,51.1,41.6,33.8,27.3,22.6,19.1,16.9,13.5
94,Brazil,Women,Married,3.9,17.8,32.7,42.9,49.1,52.8,55.4,55.5,54.8,51.2,34.1
95,Brazil,Women,Divorced,0.1,0.5,1.5,3.2,4.9,6.7,7.9,8.2,7.5,6.3,3.2
96,Brunei Darussalam,Men,Single,98.9,83.5,55.0,25.6,12.9,7.3,5.3,4.4,3.9,4.0,2.7
97,Brunei Darussalam,Men,Married,1.1,16.3,44.4,73.3,85.8,91.3,93.1,93.8,93.4,91.9,82.3
98,Brunei Darussalam,Men,Divorced,0.0,0.1,0.3,0.6,0.7,0.7,0.7,0.8,0.7,0.6,0.7
99,Brunei Darussalam,Women,Single,93.4,67.5,36.2,19.7,14.0,11.9,11.4,10.6,8.0,6.3,4.4
100,Brunei Darussalam,Women,Married,6.5,31.4,61.3,75.9,80.7,81.5,80.6,78.5,73.5,67.2,43.9
101,Brunei Darussalam,Women,Divorced,0.1,1.0,2.0,3.1,3.5,3.6,3.7,3.5,3.3,1.9,1.8
102,Bulgaria,Men,Single,98.0,87.5,62.9,38.7,25.6,17.3,12.6,10.1,7.9,5.8,3.0
103,Bulgaria,Men,Married,0.1,3.1,16.9,36.4,50.3,62.2,69.2,72.7,75.2,78.1,72.4
104,Bulgaria,Men,Divorced,0.0,0.1,0.5,1.8,4.2,6.8,8.5,8.8,8.7,7.3,3.5
105,Bulgaria,Women,Single,91.5,69.7,38.0,21.2,13.6,8.6,6.1,4.7,3.7,2.8,2.2
106,Bulgaria,Women,Married,1.0,11.6,34.3,51.8,62.3,69.7,72.4,71.6,68.1,62.7,37.1
107,Bulgaria,Women,Divorced,0.1,0.4,1.6,3.9,6.9,9.2,9.7,10.0,9.7,8.5,4.4
108,Canada,Men,Single,98.7,86.5,55.8,31.3,22.0,18.2,14.5,11.1,8.2,6.5,5.5
109,Canada,Men,Married,0.4,3.7,21.6,45.3,55.6,58.6,61.7,65.4,69.5,72.4,71.4
110,Canada,Men,Divorced,0.1,0.1,0.7,1.8,3.4,5.3,7.3,8.7,8.9,8.5,5.4
111,Canada,Women,Single,96.9,75.6,42.0,22.8,16.1,13.0,10.8,8.7,7.0,5.9,5.8
112,Canada,Women,Married,0.7,8.2,32.3,53.0,59.2,60.1,61.7,63.3,64.3,63.3,42.3
113,Canada,Women,Divorced,0.1,0.3,1.2,2.9,5.3,7.8,9.8,11.6,12.7,12.4,6.6
114,Cayman Islands,Men,Single,99.5,89.6,63.4,41.2,27.4,19.9,17.4,12.7,9.1,5.2,4.8
115,Cayman Islands,Men,Married,0.4,9.6,34.0,53.0,63.9,69.3,69.7,72.0,75.5,77.5,74.9
116,Cayman Islands,Men,Divorced,0.0,0.4,1.8,4.2,6.3,8.2,9.9,11.5,12.2,12.7,9.3
117,Cayman Islands,Women,Single,98.8,81.5,58.6,41.5,32.4,24.9,23.5,22.7,16.3,12.5,11.0
118,Cayman Islands,Women,Married,1.1,17.1,37.6,51.3,56.1,59.5,58.4,55.5,57.0,56.8,38.3
119,Cayman Islands,Women,Divorced,0.0,0.8,2.4,4.8,8.7,11.4,12.7,14.1,16.6,17.1,12.7
120,Chile,Men,Single,96.8,83.5,62.1,40.5,26.4,20.0,14.5,13.1,9.0,8.4,6.8
121,Chile,Men,Married,0.2,2.5,13.3,30.8,44.1,52.0,61.6,61.7,66.5,71.0,63.3
122,Chile,Men,Divorced,0.1,0.0,0.1,0.3,0.5,2.2,1.0,1.1,1.0,0.7,0.8
123,Chile,Women,Single,94.1,75.8,51.8,35.2,24.6,20.8,16.7,14.6,15.3,13.9,13.0
124,Chile,Women,Married,0.3,5.4,19.5,33.8,44.4,47.5,50.8,55.8,55.5,52.8,34.1
125,Chile,Women,Divorced,0.1,0.1,0.2,1.1,1.4,1.9,2.4,2.0,2.0,2.5,1.3
126,China,Men,Single,99.4,82.4,36.3,12.6,6.4,4.2,3.1,3.2,3.4,3.5,3.1
127,China,Men,Married,0.6,17.4,62.6,85.1,90.7,92.5,93.1,92.1,90.9,88.1,75.0
128,China,Men,Divorced,0.0,0.2,1.0,2.1,2.5,2.6,2.5,2.3,1.6,1.3,0.8
129,China,Women,Single,97.9,67.5,21.6,5.4,1.8,0.8,0.4,0.3,0.2,0.2,0.4
130,China,Women,Married,2.1,32.2,77.4,92.6,95.4,95.7,94.6,92.5,89.6,82.9,52.4
131,China,Women,Divorced,0.0,0.2,0.9,1.7,2.1,2.1,2.1,1.8,1.2,0.8,0.5
132,"China, Hong Kong SAR",Men,Single,99.7,97.2,81.4,49.5,29.2,18.2,9.9,7.3,5.5,3.8,4.8
133,"China, Hong Kong SAR",Men,Married,0.3,2.7,17.9,48.2,67.4,77.8,85.9,87.2,88.6,89.8,79.8
134,"China, Hong Kong SAR",Men,Divorced,0.0,0.0,0.6,1.8,2.6,3.2,3.1,3.9,3.7,3.4,2.3
135,"China, Hong Kong SAR",Women,Single,99.6,92.4,67.7,35.0,22.6,16.5,11.9,8.1,6.0,3.0,2.9
136,"China, Hong Kong SAR",Women,Married,0.4,7.2,30.7,60.9,70.9,74.6,76.4,77.8,77.2,75.9,46.4
137,"China, Hong Kong SAR",Women,Divorced,0.0,0.2,1.1,3.1,4.9,6.5,7.9,7.8,6.0,4.3,1.6
138,Costa Rica,Men,Single,96.3,76.0,49.3,28.5,18.7,15.3,12.9,11.6,9.8,9.2,9.6
139,Costa Rica,Men,Married,0.5,6.1,21.0,38.2,48.1,54.1,58.6,60.5,63.1,64.5,60.3
140,Costa Rica,Men,Divorced,0.0,0.2,1.1,2.5,3.5,3.9,4.4,5.0,5.3,5.3,4.3
141,Costa Rica,Women,Single,87.0,60.4,36.9,22.5,16.8,14.5,14.0,14.4,14.2,14.7,14.5
142,Costa Rica,Women,Married,2.0,13.2,29.5,42.4,48.3,51.8,52.5,51.3,51.1,49.2,35.0
143,Costa Rica,Women,Divorced,0.1,0.6,2.2,4.3,5.9,7.3,8.5,9.4,9.6,8.6,5.5
144,Croatia,Men,Single,99.6,92.3,61.9,33.8,22.5,16.6,12.6,8.9,6.4,5.2,3.4
145,Croatia,Men,Married,0.3,7.6,37.2,64.2,74.1,78.7,81.3,83.9,85.7,85.3,78.0
146,Croatia,Men,Divorced,0.0,0.1,0.8,1.9,3.1,4.2,5.1,5.3,4.5,3.6,2.2
147,Croatia,Women,Single,97.6,74.2,38.5,17.8,10.5,7.8,6.5,5.4,4.7,4.6,5.6
148,Croatia,Women,Married,2.4,25.2,59.1,77.4,81.9,81.9,79.8,76.3,70.3,62.2,34.3
149,Croatia,Women,Divorced,0.0,0.5,1.9,3.6,5.3,6.6,7.2,7.0,6.1,4.9,3.5
150,Cuba,Men,Single,94.5,67.0,38.2,24.1,19.0,16.3,14.5,12.6,11.4,10.8,11.9
151,Cuba,Men,Married,1.4,8.6,21.1,31.2,37.9,40.9,44.0,49.9,53.8,55.3,51.6
152,Cuba,Men,Divorced,0.2,1.1,2.7,4.1,5.3,6.4,7.1,7.8,8.0,8.0,6.2
153,Cuba,Women,Single,77.0,37.6,18.1,11.7,10.6,10.0,9.4,8.9,8.7,8.3,8.8
154,Cuba,Women,Married,5.1,19.5,31.6,37.4,40.8,42.2,45.7,47.5,47.5,46.6,31.8
155,Cuba,Women,Divorced,0.8,3.3,6.1,8.0,9.8,11.1,12.7,14.5,15.0,13.7,8.5
156,Cyprus,Men,Single,99.3,94.5,70.9,37.5,20.3,12.8,8.5,5.6,3.9,2.9,1.9
157,Cyprus,Men,Married,0.6,5.2,28.2,59.7,74.5,80.1,85.0,87.9,90.1,91.0,84.4
158,Cyprus,Men,Divorced,0.1,0.2,0.8,2.7,5.1,6.7,6.0,5.7,4.7,3.7,2.1
159,Cyprus,Women,Single,98.3,84.9,50.2,23.5,13.0,9.5,6.6,5.8,5.2,4.7,3.9
160,Cyprus,Women,Married,1.5,14.3,47.0,70.2,76.9,77.9,80.6,80.0,80.2,78.1,54.5
161,Cyprus,Women,Divorced,0.2,0.7,2.6,5.9,9.1,10.9,10.3,10.1,8.1,6.4,3.0
162,Czech Republic,Men,Single,100.0,97.9,82.6,51.8,28.5,16.5,12.0,9.7,7.4,5.3,3.1
163,Czech Republic,Men,Married,0.0,2.0,15.9,42.3,58.5,63.6,65.7,68.6,72.3,76.5,76.0
164,Czech Republic,Men,Divorced,0.0,0.1,1.4,5.9,12.9,19.6,21.7,20.5,18.0,14.2,7.2
165,Czech Republic,Women,Single,99.8,93.0,65.7,34.4,16.5,8.1,5.3,4.0,3.2,2.9,2.3
166,Czech Republic,Women,Married,0.2,6.5,31.0,56.2,65.1,66.2,67.3,68.7,67.8,64.6,38.7
167,Czech Republic,Women,Divorced,0.0,0.4,3.1,9.0,17.6,24.1,24.4,21.8,19.4,16.0,9.5
168,Democratic People's Republic of  of Korea,Men,Single,100.0,98.9,66.8,12.8,1.6,0.3,0.1,0.1,0.0,0.0,0.0
169,Democratic People's Republic of  of Korea,Men,Married,0.0,1.0,33.1,86.7,97.7,98.8,99.0,98.9,98.4,96.7,90.6
170,Democratic People's Republic of  of Korea,Women,Single,99.7,80.8,24.6,3.9,1.7,1.0,0.5,0.2,0.1,0.0,0.0
171,Democratic People's Republic of  of Korea,Women,Married,0.3,19.1,74.6,93.9,94.1,92.6,90.6,86.6,81.3,62.5,31.2
172,Denmark,Men,Single,100.0,98.3,85.7,58.8,39.4,29.8,25.5,21.5,17.2,11.4,6.4
173,Denmark,Men,Married,0.0,1.6,13.5,38.1,53.5,58.7,60.2,62.6,66.4,71.2,69.1
174,Denmark,Men,Divorced,0.0,0.1,0.8,3.1,7.1,11.3,13.8,15.0,14.6,14.2,10.9
175,Denmark,Women,Single,99.9,95.4,74.3,44.3,28.9,21.8,18.5,15.2,11.3,6.6,4.4
176,Denmark,Women,Married,0.1,4.3,23.8,50.0,60.5,63.0,62.9,64.9,66.5,67.3,44.4
177,Denmark,Women,Divorced,0.0,0.3,1.8,5.5,10.2,14.6,17.3,17.3,17.3,17.5,12.9
178,Djibouti,Men,Single,100.0,93.8,67.9,36.2,16.0,7.7,2.4,2.1,2.2,1.9,0.4
179,Djibouti,Men,Married,0.0,6.0,30.2,61.1,80.9,89.3,93.8,94.0,94.7,89.9,93.1
180,Djibouti,Men,Divorced,0.0,0.1,0.8,0.8,2.4,1.6,0.7,1.7,0.5,1.2,0.0
181,Djibouti,Women,Single,94.7,74.4,50.2,30.0,14.8,5.6,2.9,5.1,2.0,1.6,1.4
182,Djibouti,Women,Married,5.1,24.6,46.8,64.4,76.4,80.7,75.3,69.2,57.8,42.1,37.5
183,Djibouti,Women,Divorced,0.2,0.8,2.2,2.5,3.2,4.4,2.4,4.5,5.4,3.5,2.1
184,Dominica,Men,Single,99.8,98.9,89.7,78.4,69.1,58.1,46.2,35.5,31.0,23.3,19.3
185,Dominica,Men,Married,0.2,1.0,10.0,21.0,30.2,40.7,51.0,61.4,61.9,70.0,62.2
186,Dominica,Men,Divorced,0.0,0.0,0.2,0.6,0.4,1.0,1.5,2.0,4.1,2.3,2.4
187,Dominica,Women,Single,99.8,95.2,79.5,67.5,58.1,49.5,41.2,39.6,31.1,32.2,28.7
188,Dominica,Women,Married,0.2,4.7,20.3,31.8,40.4,47.4,53.6,52.2,57.1,50.6,35.6
189,Dominica,Women,Divorced,0.0,0.0,0.2,0.3,0.8,1.6,2.4,2.6,3.2,3.5,1.9
190,Ecuador,Men,Single,93.4,62.9,35.6,21.9,15.6,13.3,11.5,10.4,9.4,9.4,8.7
191,Ecuador,Men,Married,1.3,11.9,28.3,39.9,47.3,50.6,53.3,54.8,56.7,58.0,55.4
192,Ecuador,Men,Divorced,0.0,0.2,0.7,1.4,1.8,2.3,2.7,3.1,3.1,3.0,2.3
193,Ecuador,Women,Single,78.1,44.9,25.7,17.3,13.9,12.9,12.4,12.3,11.8,12.2,11.6
194,Ecuador,Women,Married,4.3,19.8,34.6,42.9,47.3,48.8,49.5,49.2,49.2,47.1,34.7
195,Ecuador,Women,Divorced,0.1,0.4,1.3,2.3,3.1,3.9,4.7,5.2,5.3,5.0,3.3
196,El Salvador,Men,Single,94.3,67.5,39.6,24.6,17.9,15.0,13.4,11.8,10.8,10.9,11.6
197,El Salvador,Men,Married,0.6,7.5,23.4,37.3,45.6,50.0,51.6,54.1,55.9,55.2,49.6
198,El Salvador,Men,Divorced,0.0,0.1,0.2,0.4,0.6,0.9,1.0,1.1,1.2,1.1,1.0
199,El Salvador,Women,Single,83.0,54.0,34.5,24.9,21.2,19.8,19.2,19.4,19.4,19.7,19.7
200,El Salvador,Women,Married,2.2,13.6,27.9,37.9,41.9,43.3,43.8,42.8,40.7,36.9,25.4
201,El Salvador,Women,Divorced,0.1,0.1,0.4,0.9,1.3,1.9,2.1,2.4,2.4,2.2,1.7
202,Estonia,Men,Single,98.9,77.6,40.8,21.7,13.8,10.2,8.9,7.6,7.1,6.0,4.5
203,Estonia,Men,Married,0.1,6.4,26.3,44.5,55.8,59.6,60.6,62.0,62.8,65.4,63.2
204,Estonia,Men,Divorced,0.0,0.5,3.1,6.3,8.4,10.2,11.0,10.4,9.3,8.0,4.9
205,Estonia,Women,Single,95.1,58.8,28.6,17.1,11.5,9.4,8.1,7.2,7.6,6.8,9.5
206,Estonia,Women,Married,0.9,13.4,34.6,47.1,53.9,53.8,53.1,51.6,48.2,44.4,24.7
207,Estonia,Women,Divorced,0.0,1.4,5.9,10.3,13.0,15.4,16.3,16.1,15.3,14.0,8.3
208,Faeroe Islands,Men,Single,100.0,97.4,84.1,63.0,44.6,34.6,29.0,20.9,20.9,14.5,12.8
209,Faeroe Islands,Men,Married,0.0,2.6,15.3,35.0,51.6,60.9,64.4,69.9,69.1,74.9,69.4
210,Faeroe Islands,Men,Divorced,0.0,0.0,0.5,1.8,3.4,4.0,5.6,7.4,8.2,7.4,4.5
211,Faeroe Islands,Women,Single,99.8,91.4,66.0,41.4,30.8,22.7,15.4,12.7,8.9,4.3,5.3
212,Faeroe Islands,Women,Married,0.2,8.6,32.6,55.1,64.1,70.9,76.0,75.0,75.5,75.3,45.4
213,Faeroe Islands,Women,Divorced,0.0,0.1,1.1,2.9,4.4,5.1,6.5,7.7,9.4,9.5,4.2
214,Finland,Men,Single,99.9,95.8,79.6,55.6,41.2,34.9,29.9,24.6,19.5,14.0,9.1
215,Finland,Men,Married,0.1,4.0,18.7,39.7,50.8,53.1,54.3,56.5,59.8,65.4,68.0
216,Finland,Men,Divorced,0.0,0.0,0.0,0.0,0.1,0.2,0.4,0.7,1.4,2.4,11.1
217,Finland,Women,Single,99.5,91.1,67.6,43.1,32.0,27.1,22.5,17.6,13.5,10.1,8.9
218,Finland,Women,Married,0.5,8.2,29.3,50.0,57.0,56.9,56.8,58.3,59.6,60.1,40.3
219,Finland,Women,Divorced,0.0,0.0,0.1,0.2,0.3,0.7,1.3,2.6,4.8,8.8,37.2
220,France,Men,Single,99.9,97.5,82.5,58.9,43.7,33.8,26.1,18.7,13.1,9.6,7.7
221,France,Men,Married,0.0,2.4,16.6,38.1,50.4,57.1,61.7,66.8,72.0,75.9,74.4
222,France,Men,Divorced,0.0,0.1,0.9,3.0,5.8,8.8,11.5,13.2,12.9,11.4,5.7
223,France,Women,Single,99.5,92.9,70.8,48.7,36.5,27.9,20.7,14.4,10.6,8.2,7.2
224,France,Women,Married,0.4,6.7,27.3,46.3,54.7,59.0,61.9,64.8,66.1,65.7,42.1
225,France,Women,Divorced,0.0,0.3,1.8,4.7,8.1,11.9,15.0,16.3,16.0,14.4,6.6
226,French Guiana,Men,Single,99.5,95.6,86.4,73.8,65.6,58.4,52.4,44.1,41.4,42.1,42.2
227,French Guiana,Men,Married,0.3,3.9,13.0,25.2,32.1,38.1,42.3,49.4,51.1,49.2,44.3
228,French Guiana,Men,Divorced,0.0,0.1,0.4,0.8,1.9,3.4,4.2,5.7,6.5,6.4,5.0
229,French Guiana,Women,Single,98.4,92.5,82.4,70.7,65.3,58.0,52.6,47.5,44.5,45.6,43.0
230,French Guiana,Women,Married,1.4,6.8,16.6,27.5,31.3,36.7,39.8,41.9,41.3,35.8,24.0
231,French Guiana,Women,Divorced,0.0,0.1,0.5,1.2,2.8,4.2,5.8,6.6,7.6,8.3,5.3
232,French Polynesia,Men,Single,99.8,96.6,87.4,74.5,61.8,48.8,37.7,29.1,24.0,19.0,15.6
233,French Polynesia,Men,Married,0.2,3.3,12.3,24.7,36.6,48.6,58.5,65.7,69.1,72.5,65.3
234,French Polynesia,Men,Divorced,0.0,0.0,0.2,0.6,1.4,2.1,3.1,3.5,3.6,3.5,2.8
235,French Polynesia,Women,Single,99.4,92.8,80.6,63.7,50.1,38.0,31.6,24.4,19.2,15.2,12.6
236,French Polynesia,Women,Married,0.5,7.1,18.8,35.0,47.3,57.6,62.3,65.2,66.1,61.8,41.7
237,French Polynesia,Women,Divorced,0.0,0.1,0.4,1.0,1.8,2.7,3.2,4.6,4.6,5.2,3.7
238,Germany,Men,Single,100.0,97.5,84.4,62.2,45.1,34.7,24.9,17.0,11.9,8.7,5.9
239,Germany,Men,Married,0.0,2.4,14.4,33.6,46.6,53.2,59.1,65.4,71.2,75.3,74.0
240,Germany,Men,Divorced,0.0,0.1,1.1,4.1,8.1,11.8,15.2,16.4,14.8,12.5,7.0
241,Germany,Women,Single,99.7,92.9,70.9,46.8,32.8,24.1,16.1,10.5,7.4,5.4,6.0
242,Germany,Women,Married,0.3,6.8,26.6,46.5,56.0,60.5,64.3,68.3,69.9,69.1,45.7
243,Germany,Women,Divorced,0.0,0.3,2.5,6.4,10.5,14.2,17.2,16.7,14.9,13.0,7.8
244,Gibraltar,Men,Single,99.8,92.3,62.4,29.8,17.2,12.4,9.8,8.6,5.0,4.9,6.2
245,Gibraltar,Men,Married,0.2,7.2,32.8,61.1,73.4,76.4,79.4,83.6,86.0,87.1,77.1
246,Gibraltar,Men,Divorced,0.0,0.0,1.6,4.2,4.7,6.4,6.5,4.5,5.8,3.8,1.0
247,Gibraltar,Women,Single,98.9,79.1,43.4,16.5,11.6,8.1,6.0,6.0,5.1,5.1,7.4
248,Gibraltar,Women,Married,1.1,18.8,49.1,70.6,72.7,76.1,78.1,78.1,76.9,73.7,40.6
249,Gibraltar,Women,Divorced,0.0,0.4,3.1,6.0,8.5,8.9,8.6,7.8,7.4,6.0,2.7
250,Greece,Men,Single,99.2,94.0,73.4,42.5,23.5,14.6,9.5,6.9,5.3,4.2,3.6
251,Greece,Men,Married,0.8,4.8,24.3,53.9,71.6,79.6,84.3,86.9,88.6,89.6,83.5
252,Greece,Men,Divorced,0.0,0.4,1.0,2.0,3.1,3.8,4.1,3.7,3.1,2.3,1.3
253,Greece,Women,Single,96.4,78.9,44.8,20.3,10.9,7.5,5.9,5.3,4.7,4.7,5.4
254,Greece,Women,Married,3.4,19.2,50.4,71.9,79.1,80.3,80.1,78.5,75.4,69.9,46.4
255,Greece,Women,Divorced,0.1,0.8,2.5,4.4,5.7,6.5,6.4,5.5,4.4,3.5,2.6
256,Greenland,Men,Single,100.0,98.1,87.8,71.4,55.3,47.4,42.3,36.3,32.8,28.8,19.0
257,Greenland,Men,Married,0.0,1.9,10.9,24.8,36.6,40.9,44.3,49.2,50.8,53.3,51.2
258,Greenland,Men,Divorced,0.0,0.0,1.3,3.7,7.9,11.2,12.5,13.2,13.8,12.2,10.8
259,Greenland,Women,Single,99.7,94.2,77.0,54.3,40.4,33.7,29.1,25.1,23.3,16.4,11.3
260,Greenland,Women,Married,0.3,5.5,20.1,38.7,48.9,51.1,54.7,57.8,56.7,52.9,35.3
261,Greenland,Women,Divorced,0.0,0.2,2.6,6.5,10.0,13.2,13.7,12.3,12.0,14.9,8.6
262,Hungary,Men,Single,99.9,97.7,84.9,56.8,35.4,23.2,17.0,12.7,8.8,5.8,4.1
263,Hungary,Men,Married,0.1,2.2,13.9,37.7,52.9,60.0,63.4,66.8,70.8,75.1,72.9
264,Hungary,Men,Divorced,0.0,0.1,1.2,5.4,11.5,16.4,18.5,18.0,16.3,13.0,6.5
265,Hungary,Women,Single,99.3,93.4,69.6,40.9,23.6,13.1,7.8,5.4,4.5,3.9,3.4
266,Hungary,Women,Married,0.6,6.2,27.3,49.8,59.8,63.6,64.5,63.3,60.5,56.0,30.9
267,Hungary,Women,Divorced,0.0,0.4,3.0,9.0,15.6,20.8,22.2,21.3,19.5,16.0,8.7
268,Indonesia,Men,Single,93.9,69.1,34.9,12.8,5.8,3.1,2.0,1.4,1.1,0.9,0.7
269,Indonesia,Men,Married,6.0,30.3,63.7,85.2,91.9,94.2,94.9,94.5,93.6,90.6,80.6
270,Indonesia,Men,Divorced,0.1,0.5,1.2,1.7,1.8,1.8,1.7,1.6,1.4,1.5,1.5
271,Indonesia,Women,Single,85.6,41.2,14.8,6.0,3.8,2.8,2.1,1.8,1.7,1.5,1.1
272,Indonesia,Women,Married,13.9,56.9,82.3,90.0,90.9,88.8,85.3,77.9,69.1,55.6,31.3
273,Indonesia,Women,Divorced,0.5,1.7,2.5,3.0,3.3,3.9,4.1,4.2,4.1,3.6,2.9
274,Iran (Islamic Republic of),Men,Single,97.8,77.7,40.4,15.9,6.5,3.5,2.2,1.4,1.1,0.9,0.7
275,Iran (Islamic Republic of),Men,Married,2.1,22.0,58.7,82.7,91.8,94.9,96.2,96.6,96.6,95.8,88.6
276,Iran (Islamic Republic of),Men,Divorced,0.0,0.2,0.7,1.1,1.2,1.2,1.1,1.0,0.9,0.9,0.6
277,Iran (Islamic Republic of),Women,Single,78.6,47.1,26.2,15.5,9.1,5.5,3.4,2.2,1.6,1.1,0.8
278,Iran (Islamic Republic of),Women,Married,21.1,51.9,71.8,81.3,86.3,88.0,87.4,84.2,78.1,69.4,41.7
279,Iran (Islamic Republic of),Women,Divorced,0.2,0.8,1.5,2.2,2.3,2.5,2.3,2.0,1.7,1.4,0.9
280,Ireland,Men,Single,99.8,97.8,84.6,57.5,36.7,26.0,20.4,16.8,15.3,14.7,16.2
281,Ireland,Men,Married,0.2,2.0,14.7,40.3,58.8,66.6,69.4,70.8,71.5,72.1,66.3
282,Ireland,Men,Divorced,0.0,0.0,0.3,0.9,1.8,3.1,4.4,5.0,4.6,3.7,1.8
283,Ireland,Women,Single,99.6,95.4,76.5,48.9,31.5,22.2,16.5,13.0,11.2,9.8,12.5
284,Ireland,Women,Married,0.4,4.3,22.0,47.4,61.7,66.5,68.3,69.2,69.9,69.3,43.9
285,Ireland,Women,Divorced,0.0,0.1,0.6,1.3,2.5,4.6,6.1,6.5,5.5,4.1,1.5
286,Israel,Men,Single,99.6,89.0,61.1,28.3,15.2,10.3,7.6,5.9,4.2,3.3,2.5
287,Israel,Men,Married,0.4,10.7,37.7,68.0,78.3,80.5,80.9,81.3,82.6,83.4,77.4
288,Israel,Men,Divorced,0.0,0.2,1.2,3.7,6.5,9.0,11.0,12.0,11.7,10.7,7.2
289,Israel,Women,Single,96.7,71.9,40.4,19.0,12.5,9.7,8.0,6.6,6.1,5.3,3.4
290,Israel,Women,Married,3.2,27.3,56.6,74.3,76.6,75.5,74.3,72.9,71.0,67.4,41.9
291,Israel,Women,Divorced,0.1,0.8,2.8,6.3,10.2,13.3,15.2,16.2,15.7,15.0,9.3
292,Italy,Men,Single,100.0,98.0,85.9,61.2,40.9,27.1,18.7,13.7,10.4,8.3,6.9
293,Italy,Men,Married,0.0,1.9,14.0,38.4,57.8,70.1,77.3,81.5,84.4,86.0,79.9
294,Italy,Men,Divorced,0.0,0.0,0.1,0.4,1.2,2.6,3.6,3.9,3.6,2.9,1.5
295,Italy,Women,Single,99.6,91.2,68.3,42.1,27.3,18.8,14.1,11.2,8.9,7.4,8.2
296,Italy,Women,Married,0.4,8.8,31.3,56.6,69.6,75.9,78.7,79.4,79.1,76.3,44.2
297,Italy,Women,Divorced,0.0,0.0,0.3,1.1,2.6,4.1,4.9,5.1,4.5,3.6,1.7
298,Jamaica,Men,Single,99.8,97.3,87.3,75.7,67.3,59.6,50.8,42.1,38.1,33.1,22.8
299,Jamaica,Men,Married,0.2,2.7,12.4,23.4,30.9,37.4,44.6,51.2,54.3,56.8,57.4
300,Jamaica,Men,Divorced,0.0,0.0,0.2,0.5,1.0,1.8,2.7,3.4,3.7,3.8,3.2
301,Jamaica,Women,Single,99.5,93.0,81.1,71.6,64.4,57.1,48.7,41.4,37.9,32.5,27.1
302,Jamaica,Women,Married,0.4,6.8,18.4,26.9,33.0,38.6,44.7,47.2,48.4,47.8,32.8
303,Jamaica,Women,Divorced,0.0,0.1,0.2,0.7,1.3,2.0,2.8,3.7,3.4,3.2,2.4
304,Japan,Men,Single,99.7,94.0,71.8,47.3,35.6,28.6,22.5,17.8,14.7,10.3,3.7
305,Japan,Men,Married,0.3,5.7,27.1,50.4,60.8,66.4,71.3,75.1,77.3,80.5,81.8
306,Japan,Men,Divorced,0.0,0.3,1.1,2.2,3.4,4.8,5.8,6.3,6.4,6.3,3.7
307,Japan,Women,Single,99.4,89.6,60.3,34.5,23.1,17.4,12.6,8.7,6.5,5.5,4.0
308,Japan,Women,Married,0.6,9.5,37.1,60.8,69.8,73.2,76.4,79.0,79.1,76.6,49.6
309,Japan,Women,Divorced,0.0,0.8,2.5,4.5,6.8,8.6,9.5,9.2,8.8,8.4,4.7
310,Kuwait,Men,Single,99.4,82.7,57.5,29.6,15.4,9.8,6.7,4.6,3.4,2.4,1.7
311,Kuwait,Men,Married,0.6,17.1,42.1,69.7,83.8,89.4,92.4,94.2,94.9,94.7,90.0
312,Kuwait,Men,Divorced,0.0,0.2,0.4,0.6,0.6,0.6,0.6,0.6,0.7,0.7,0.7
313,Kuwait,Women,Single,95.0,68.1,46.9,32.7,24.5,18.3,13.4,8.0,5.7,3.4,2.2
314,Kuwait,Women,Married,4.9,30.8,51.0,64.1,71.1,75.1,76.9,75.6,68.9,57.8,34.0
315,Kuwait,Women,Divorced,0.1,1.0,1.8,2.5,3.1,3.9,3.8,3.8,4.0,3.4,2.6
316,Kyrgyzstan,Men,Single,99.0,79.8,34.4,11.8,5.7,3.1,2.3,1.6,1.4,1.1,0.7
317,Kyrgyzstan,Men,Married,0.6,15.6,54.0,73.6,80.0,84.1,85.9,86.1,84.9,82.1,70.5
318,Kyrgyzstan,Men,Divorced,0.0,0.7,3.2,5.6,6.0,5.5,4.9,4.6,4.3,3.5,1.7
319,Kyrgyzstan,Women,Single,91.9,48.5,17.7,7.6,4.7,2.9,2.5,2.1,1.9,1.6,0.9
320,Kyrgyzstan,Women,Married,5.5,40.3,64.5,70.9,72.1,72.9,70.9,66.3,59.5,50.8,28.9
321,Kyrgyzstan,Women,Divorced,0.3,3.2,8.1,11.0,11.8,11.3,10.8,9.8,8.4,6.4,2.7
322,Lao People's Democratic Republic,Men,Single,94.0,62.5,26.7,9.9,4.7,2.8,2.0,1.5,1.4,1.4,2.0
323,Lao People's Democratic Republic,Men,Married,5.7,36.2,71.3,87.8,93.2,94.8,95.1,94.2,92.8,89.8,78.8
324,Lao People's Democratic Republic,Men,Divorced,0.2,1.1,1.7,1.8,1.4,1.3,1.3,1.3,1.5,1.6,2.0
325,Lao People's Democratic Republic,Women,Single,80.3,37.8,14.5,7.4,4.9,4.0,3.5,3.2,3.1,3.0,3.1
326,Lao People's Democratic Republic,Women,Married,18.8,58.8,80.9,87.0,88.4,86.6,83.3,75.4,69.0,57.1,40.7
327,Lao People's Democratic Republic,Women,Divorced,0.9,3.0,3.8,4.0,4.0,4.3,4.6,4.9,4.8,4.7,3.3
328,Latvia,Men,Single,99.9,94.6,72.4,50.9,36.4,21.4,13.7,9.9,8.5,7.2,5.5
329,Latvia,Men,Married,0.1,5.2,25.3,42.0,49.6,57.5,63.0,66.6,67.8,69.4,67.8
330,Latvia,Men,Divorced,0.0,0.3,2.4,7.0,13.7,20.5,22.2,21.4,20.2,18.0,11.1
331,Latvia,Women,Single,99.3,87.0,59.4,40.8,26.9,16.0,11.5,9.5,8.4,7.3,8.1
332,Latvia,Women,Married,0.7,12.2,36.3,49.6,54.4,57.2,57.9,57.1,53.0,48.5,28.9
333,Latvia,Women,Divorced,0.0,0.8,4.1,9.0,17.1,23.4,24.8,24.8,25.2,24.5,17.0
334,Lebanon,Men,Single,99.7,97.1,80.1,46.5,26.8,12.5,8.3,5.9,4.7,4.7,1.9
335,Lebanon,Men,Married,0.3,2.7,19.4,51.7,71.8,85.9,89.6,90.7,90.7,92.7,86.8
336,Lebanon,Men,Divorced,0.0,0.1,0.4,1.1,1.3,1.1,0.9,1.4,0.6,0.6,0.6
337,Lebanon,Women,Single,96.6,80.7,52.1,33.5,23.7,21.7,15.6,10.9,11.1,7.8,5.4
338,Lebanon,Women,Married,3.3,18.8,46.9,64.1,72.0,72.4,76.6,72.8,71.2,63.3,47.1
339,Lebanon,Women,Divorced,0.1,0.4,0.9,1.6,2.8,2.1,2.3,1.8,0.7,1.6,0.5
340,Lesotho,Men,Single,97.6,78.5,45.5,23.8,14.1,9.3,6.1,4.3,3.6,3.2,3.2
341,Lesotho,Men,Married,2.3,20.5,50.8,69.5,75.7,78.1,79.4,79.6,80.3,79.4,72.3
342,Lesotho,Men,Divorced,0.0,0.1,0.2,0.5,0.8,1.0,1.1,1.2,1.1,1.0,1.2
343,Lesotho,Women,Single,85.5,49.6,29.4,18.0,10.9,7.3,5.1,4.1,3.7,3.3,2.8
344,Lesotho,Women,Married,13.8,46.2,60.6,65.4,66.1,64.8,62.6,58.2,53.5,47.9,29.4
345,Lesotho,Women,Divorced,0.0,0.4,0.8,1.4,1.8,2.0,2.1,2.2,2.2,2.1,2.3
346,Liberia,Men,Single,90.7,75.0,50.4,31.7,20.4,14.7,11.6,10.6,9.7,9.5,9.7
347,Liberia,Men,Married,7.1,13.0,31.6,49.8,62.6,70.0,74.3,75.4,76.8,75.2,69.7
348,Liberia,Men,Divorced,0.2,0.4,2.4,0.9,1.1,1.4,1.5,2.5,2.3,2.6,3.9
349,Liberia,Women,Single,79.8,47.0,28.3,18.8,13.0,11.2,9.7,10.2,9.6,10.7,11.8
350,Liberia,Women,Married,15.6,43.8,61.8,70.5,75.9,73.8,70.9,62.0,55.4,45.0,29.7
351,Liberia,Women,Divorced,0.2,0.5,0.8,1.3,1.6,2.4,3.1,3.7,3.8,3.9,3.5
352,Libya,Men,Single,99.5,98.6,89.6,61.6,27.4,10.6,5.4,3.6,2.9,2.3,1.9
353,Libya,Men,Married,0.5,1.4,10.2,38.1,71.9,88.6,93.7,95.4,95.4,95.0,90.6
354,Libya,Men,Divorced,0.0,0.0,0.1,0.3,0.5,0.6,0.6,0.6,0.5,0.4,0.6
355,Libya,Women,Single,97.5,84.8,60.2,43.4,31.6,18.2,7.4,2.9,2.2,2.2,1.6
356,Libya,Women,Married,2.4,14.9,38.9,54.7,64.9,75.2,80.7,78.3,72.4,63.3,40.2
357,Libya,Women,Divorced,0.0,0.2,0.6,1.1,1.9,2.6,3.5,2.9,2.7,2.6,1.9
358,Liechtenstein,Men,Single,99.9,95.9,78.6,53.4,33.8,24.0,15.6,11.3,8.4,6.8,6.4
359,Liechtenstein,Men,Married,0.1,4.0,20.5,43.6,60.0,66.7,69.4,73.4,78.0,77.9,76.7
360,Liechtenstein,Men,Divorced,0.0,0.1,1.0,2.7,6.0,8.9,14.0,14.4,11.2,12.1,7.4
361,Liechtenstein,Women,Single,99.8,87.7,64.6,37.4,21.7,17.4,11.6,12.1,9.3,7.7,9.5
362,Liechtenstein,Women,Married,0.2,12.0,33.4,57.1,68.5,67.7,69.1,69.4,69.2,69.2,44.3
363,Liechtenstein,Women,Divorced,0.0,0.3,2.1,5.2,8.8,13.5,17.0,14.3,15.2,13.1,7.3
364,Lithuania,Men,Single,100.0,97.0,74.6,42.8,25.5,14.9,9.3,7.2,6.3,5.5,3.7
365,Lithuania,Men,Married,0.0,2.9,23.8,50.3,60.6,65.8,70.7,73.1,73.9,76.0,76.1
366,Lithuania,Men,Divorced,0.0,0.1,1.6,6.8,13.7,18.8,19.0,18.1,16.8,13.9,7.5
367,Lithuania,Women,Single,99.8,90.8,57.9,29.4,16.4,10.6,8.1,7.2,6.2,5.5,6.5
368,Lithuania,Women,Married,0.2,8.8,38.4,60.0,64.3,65.0,64.8,63.2,59.9,56.2,37.3
369,Lithuania,Women,Divorced,0.0,0.4,3.5,9.9,17.7,21.4,22.0,21.8,21.3,19.3,11.3
370,Luxembourg,Men,Single,99.7,93.8,68.6,39.8,22.9,15.4,11.1,8.8,7.6,7.7,6.4
371,Luxembourg,Men,Married,0.2,6.0,29.7,55.6,69.7,74.7,77.9,80.1,80.6,80.5,75.0
372,Luxembourg,Men,Divorced,0.0,0.2,1.7,4.5,7.2,9.4,10.2,9.9,9.4,7.5,3.8
373,Luxembourg,Women,Single,98.6,82.2,49.2,25.1,15.3,10.7,8.2,6.5,6.3,6.0,8.3
374,Luxembourg,Women,Married,1.4,17.2,47.1,67.4,74.2,75.8,75.7,76.0,73.0,67.8,38.5
375,Luxembourg,Women,Divorced,0.0,0.6,3.4,6.9,9.4,11.6,12.5,11.8,9.8,7.7,3.2
376,Malaysia,Men,Single,94.9,75.8,53.1,28.4,16.6,9.9,6.5,5.1,4.0,4.3,5.5
377,Malaysia,Men,Married,5.1,24.1,46.5,70.6,81.9,88.1,91.2,91.3,91.4,88.9,79.7
378,Malaysia,Men,Divorced,0.0,0.1,0.3,0.6,0.8,0.9,0.9,0.8,0.8,0.7,0.6
379,Malaysia,Women,Single,93.9,67.1,37.8,17.9,10.8,6.7,5.4,4.9,4.5,5.1,5.3
380,Malaysia,Women,Married,6.0,32.5,61.2,79.8,85.7,88.0,87.0,81.7,77.1,67.6,46.7
381,Malaysia,Women,Divorced,0.1,0.3,0.7,1.5,1.9,2.1,2.1,1.9,1.6,1.3,0.9
382,Malta,Men,Single,99.9,95.9,83.1,41.1,19.9,14.4,14.5,11.2,10.1,8.3,10.3
383,Malta,Men,Married,0.1,3.9,15.9,56.7,76.3,80.6,80.9,83.9,84.3,85.3,76.0
384,Malta,Men,Divorced,0.0,0.0,0.0,0.1,0.1,0.3,0.3,0.4,0.6,0.7,0.5
385,Malta,Women,Single,99.5,85.5,62.2,22.1,12.2,9.3,6.9,8.7,11.7,13.0,17.0
386,Malta,Women,Married,0.4,13.6,34.9,73.6,81.7,83.5,84.8,84.1,77.9,75.6,44.5
387,Malta,Women,Divorced,0.0,0.0,0.1,0.1,0.3,0.5,0.7,0.5,0.6,0.3,0.5
388,Mayotte,Men,Single,97.1,75.8,43.9,25.0,17.0,14.5,12.8,11.4,10.1,9.9,12.0
389,Mayotte,Men,Married,2.8,23.4,54.4,73.1,80.3,82.4,82.4,83.4,82.5,82.0,77.0
390,Mayotte,Men,Divorced,0.1,0.4,0.8,1.0,1.3,1.4,2.6,2.8,4.7,3.0,3.0
391,Mayotte,Women,Single,84.6,47.0,28.1,19.8,16.4,17.4,15.7,15.5,14.3,16.8,16.7
392,Mayotte,Women,Married,14.3,47.7,66.1,72.4,74.4,68.8,69.2,64.0,58.7,47.4,29.0
393,Mayotte,Women,Divorced,0.6,3.2,2.5,3.9,4.7,6.9,7.0,8.7,10.8,10.4,8.7
394,Mexico,Men,Single,93.6,64.4,36.8,20.4,13.4,10.4,8.3,7.1,5.8,5.4,4.7
395,Mexico,Men,Married,1.4,14.5,35.3,52.2,61.2,65.7,68.5,70.2,72.3,72.1,64.9
396,Mexico,Men,Divorced,0.0,0.2,0.6,1.1,1.6,1.9,2.1,2.3,2.2,2.0,1.3
397,Mexico,Women,Single,83.0,50.4,28.1,17.1,12.7,11.0,9.7,9.3,8.5,8.4,7.2
398,Mexico,Women,Married,4.6,22.2,41.4,53.4,58.8,60.4,61.3,60.0,58.9,54.2,37.1
399,Mexico,Women,Divorced,0.0,0.4,1.1,1.9,2.6,3.4,3.8,4.1,3.7,3.2,1.9
400,Mongolia,Men,Single,98.8,71.7,32.9,17.7,11.4,7.5,5.5,3.6,3.2,2.3,2.5
401,Mongolia,Men,Married,0.5,20.4,56.1,68.9,71.1,72.7,76.1,79.8,80.2,80.0,68.1
402,Mongolia,Men,Divorced,0.0,0.2,0.8,1.7,2.7,3.5,3.6,3.0,2.5,1.6,0.8
403,Mongolia,Women,Single,96.4,57.6,23.1,12.6,8.4,6.3,5.4,4.3,3.6,2.9,2.9
404,Mongolia,Women,Married,1.4,31.7,63.5,70.1,69.9,68.8,68.3,67.0,61.2,55.5,34.9
405,Mongolia,Women,Divorced,0.0,0.3,1.3,2.4,3.5,4.5,4.6,3.8,2.7,1.5,0.7
406,Montenegro,Men,Single,99.3,92.8,67.0,40.3,25.7,17.4,12.5,8.8,6.7,5.1,3.8
407,Montenegro,Men,Married,0.7,7.0,32.2,58.0,71.8,79.5,83.4,86.2,87.1,87.3,79.1
408,Montenegro,Men,Divorced,0.0,0.2,0.7,1.6,2.1,2.6,2.9,3.0,2.9,2.2,1.8
409,Montenegro,Women,Single,95.3,70.4,40.8,22.6,14.5,10.3,8.8,7.4,7.4,7.6,7.8
410,Montenegro,Women,Married,4.6,28.6,56.6,72.8,78.7,80.7,79.1,75.6,69.6,61.0,35.9
411,Montenegro,Women,Divorced,0.1,0.8,2.1,3.4,4.5,5.0,5.1,4.9,4.1,4.1,3.3
412,Morocco,Men,Single,99.2,92.1,68.7,41.5,22.3,11.8,6.1,3.6,2.3,2.1,2.4
413,Morocco,Men,Married,0.8,7.7,30.8,57.5,76.3,86.6,92.1,94.4,95.5,94.8,89.1
414,Morocco,Men,Divorced,0.0,0.1,0.4,0.9,1.2,1.3,1.4,1.3,1.1,1.0,0.9
415,Morocco,Women,Single,88.9,61.3,40.7,27.3,17.8,10.9,6.8,3.9,2.0,1.3,1.8
416,Morocco,Women,Married,10.7,37.0,55.7,67.5,75.0,78.7,78.2,74.1,68.9,58.3,32.9
417,Morocco,Women,Divorced,0.3,1.5,3.0,4.0,4.7,5.2,5.4,4.9,4.0,3.2,2.3
418,Mozambique,Men,Single,91.6,49.1,20.6,9.1,5.4,4.0,3.3,2.9,2.4,2.5,2.7
419,Mozambique,Men,Married,1.3,9.0,16.0,21.7,24.9,27.0,27.9,30.1,31.8,33.3,32.2
420,Mozambique,Men,Divorced,0.5,2.0,2.8,3.0,3.0,3.1,3.3,3.6,3.6,3.8,4.2
421,Mozambique,Women,Single,55.2,19.0,10.5,7.1,5.5,5.4,4.9,4.9,5.0,5.8,5.8
422,Mozambique,Women,Married,7.0,14.4,18.0,20.7,22.1,21.7,22.1,20.8,19.7,16.6,11.2
423,Mozambique,Women,Divorced,2.9,6.5,7.3,8.3,8.7,9.9,10.4,10.9,10.6,10.4,8.3
424,Netherlands,Men,Single,100.0,97.7,83.9,62.1,44.1,31.7,22.8,17.2,12.4,8.4,5.4
425,Netherlands,Men,Married,0.0,2.3,15.4,35.3,50.1,58.6,64.2,68.2,72.5,76.8,74.8
426,Netherlands,Men,Divorced,0.0,0.1,0.7,2.6,5.8,9.4,12.5,13.6,13.2,11.7,7.5
427,Netherlands,Women,Single,99.8,93.0,70.8,47.9,32.7,22.8,16.3,12.2,8.5,5.7,5.4
428,Netherlands,Women,Married,0.2,6.7,27.3,47.1,57.8,63.4,66.4,69.1,71.0,71.2,46.4
429,Netherlands,Women,Divorced,0.0,0.3,1.9,4.8,9.1,13.2,15.9,16.0,15.4,13.9,8.6
430,Netherlands Antilles,Men,Single,99.8,95.4,78.3,57.2,45.4,37.3,29.2,22.5,17.3,15.3,12.8
431,Netherlands Antilles,Men,Married,0.2,4.4,20.6,39.4,49.2,54.3,58.5,63.8,68.4,70.7,65.5
432,Netherlands Antilles,Men,Divorced,0.0,0.1,1.1,3.3,5.1,7.8,11.2,11.6,11.9,9.8,6.2
433,Netherlands Antilles,Women,Single,99.2,87.7,67.2,53.7,46.3,41.0,33.6,29.2,24.8,22.1,21.2
434,Netherlands Antilles,Women,Married,0.8,11.9,29.8,40.8,44.8,45.8,48.3,49.7,53.2,51.5,31.4
435,Netherlands Antilles,Women,Divorced,0.0,0.4,2.7,5.1,7.9,11.7,14.9,15.9,13.3,12.0,7.4
436,New Caledonia,Men,Single,99.8,97.0,85.1,67.0,50.8,41.6,31.7,29.5,24.2,20.9,16.5
437,New Caledonia,Men,Married,0.2,2.8,14.4,31.4,45.7,53.0,60.8,61.9,65.1,66.8,63.3
438,New Caledonia,Men,Divorced,0.0,0.2,0.4,1.5,3.3,5.1,6.7,7.1,8.3,8.3,6.3
439,New Caledonia,Women,Single,99.5,91.4,73.9,56.8,44.5,34.9,29.1,21.7,16.4,14.0,14.5
440,New Caledonia,Women,Married,0.5,8.1,24.9,40.6,50.1,56.5,58.8,61.6,61.9,54.8,34.2
441,New Caledonia,Women,Divorced,0.0,0.1,0.8,2.1,4.4,6.5,7.9,10.0,9.7,9.8,6.0
442,New Zealand,Men,Single,95.5,73.1,45.6,27.2,19.2,14.7,11.5,9.0,7.0,6.3,6.4
443,New Zealand,Men,Married,0.1,3.9,21.7,43.4,54.6,60.1,63.7,67.0,70.3,73.1,70.2
444,New Zealand,Men,Divorced,0.0,0.1,0.6,1.4,2.7,4.3,5.8,6.9,7.4,7.0,5.2
445,New Zealand,Women,Single,91.6,63.1,37.4,23.3,16.6,12.9,10.2,7.6,5.8,5.1,6.3
446,New Zealand,Women,Married,0.4,8.0,29.7,48.4,56.2,59.2,61.5,63.7,65.7,65.2,44.3
447,New Zealand,Women,Divorced,0.0,0.2,0.9,2.3,4.4,6.9,8.8,10.4,11.2,10.7,6.3
448,Norway,Men,Single,100.0,97.8,84.4,63.1,46.5,35.8,28.0,20.5,13.8,9.4,7.2
449,Norway,Men,Married,0.0,2.1,14.4,33.2,45.9,51.7,55.2,59.7,65.1,70.2,69.3
450,Norway,Men,Divorced,0.0,0.0,0.6,2.4,5.3,9.3,13.2,16.1,17.2,16.0,9.9
451,Norway,Women,Single,99.8,93.3,72.1,49.4,36.5,27.8,21.1,14.2,8.9,6.0,5.1
452,Norway,Women,Married,0.2,6.3,25.0,43.7,52.0,54.8,56.7,60.7,64.3,65.6,42.5
453,Norway,Women,Divorced,0.0,0.1,1.6,4.5,8.2,13.3,17.6,19.9,20.3,18.6,10.1
454,Oman,Men,Single,99.6,89.4,52.5,19.1,7.6,4.1,3.0,2.7,2.4,3.2,3.4
455,Oman,Men,Married,0.4,10.3,46.7,79.8,91.2,94.6,95.5,95.2,94.2,90.6,81.4
456,Oman,Men,Divorced,0.0,0.2,0.8,1.0,1.1,1.1,1.2,1.3,1.8,2.8,4.7
457,Oman,Women,Single,95.8,65.5,25.5,9.2,4.0,2.4,1.6,1.5,1.1,1.1,1.4
458,Oman,Women,Married,4.1,33.3,71.3,85.4,88.6,87.1,82.5,73.4,66.5,51.9,30.8
459,Oman,Women,Divorced,0.2,1.0,2.5,3.6,4.0,4.1,4.3,5.5,6.0,7.1,8.1
460,Palau,Men,Single,97.3,84.1,58.5,35.5,23.1,17.1,14.3,9.9,7.6,6.7,5.2
461,Palau,Men,Married,2.4,13.6,37.7,60.5,71.4,74.8,77.9,83.3,84.0,82.7,73.2
462,Palau,Men,Divorced,0.0,0.0,0.2,0.8,0.9,3.6,2.1,2.2,2.5,3.9,5.4
463,Palau,Women,Single,96.4,68.8,44.0,24.2,17.0,13.4,10.3,7.7,4.7,4.8,3.4
464,Palau,Women,Married,3.2,25.8,50.1,67.7,71.4,73.1,75.3,73.5,61.9,56.0,30.5
465,Palau,Women,Divorced,0.0,0.2,1.4,3.1,3.7,4.3,3.8,5.4,11.8,5.2,4.0
466,Panama,Men,Single,94.7,66.1,41.0,26.7,20.2,18.1,16.4,14.8,13.5,12.8,11.9
467,Panama,Men,Married,0.2,3.2,11.3,21.4,29.2,34.0,37.9,40.9,44.1,45.3,44.9
468,Panama,Men,Divorced,0.0,0.1,0.2,0.5,0.8,1.1,1.4,1.8,1.8,1.8,1.5
469,Panama,Women,Single,78.1,41.3,23.0,14.8,11.6,10.7,10.6,10.1,10.1,9.8,9.5
470,Panama,Women,Married,0.9,6.8,17.0,26.6,32.4,36.3,38.1,39.3,40.1,38.4,27.3
471,Panama,Women,Divorced,0.1,0.1,0.4,0.9,1.5,2.2,2.9,3.5,3.9,4.0,2.9
472,Peru,Men,Single,94.5,71.3,44.7,26.4,17.8,13.2,10.9,9.4,7.7,6.7,5.7
473,Peru,Men,Married,0.6,3.8,12.8,26.5,37.4,47.0,53.9,59.2,63.5,66.0,63.0
474,Peru,Men,Divorced,0.0,0.1,0.1,0.3,0.5,0.7,0.9,1.2,1.3,1.3,1.0
475,Peru,Women,Single,84.3,51.4,31.5,20.0,14.4,11.9,10.7,10.0,9.1,8.2,7.3
476,Peru,Women,Married,1.4,7.8,19.1,31.9,41.4,48.7,53.4,56.1,57.0,55.2,40.8
477,Peru,Women,Divorced,0.0,0.1,0.2,0.4,0.7,1.0,1.3,1.6,1.7,1.6,1.2
478,Philippines,Men,Single,98.3,75.7,42.6,22.4,14.4,10.4,7.8,6.1,5.3,4.5,4.0
479,Philippines,Men,Married,0.9,16.5,46.9,68.5,77.4,81.5,83.7,84.2,83.8,81.8,73.1
480,Philippines,Men,Divorced,0.1,0.3,0.8,1.2,1.5,1.7,1.8,1.9,1.7,1.6,1.1
481,Philippines,Women,Single,94.7,58.0,29.6,15.3,10.3,8.3,7.2,6.7,6.8,6.8,7.6
482,Philippines,Women,Married,3.0,30.8,59.8,75.2,79.9,80.2,78.7,74.4,69.0,60.2,39.4
483,Philippines,Women,Divorced,0.1,0.9,1.6,2.1,2.5,2.8,2.9,2.9,2.5,2.0,1.1
484,Poland,Men,Single,99.8,87.7,47.3,23.4,17.1,14.2,10.7,7.8,5.7,5.1,3.2
485,Poland,Men,Married,0.2,10.9,48.7,71.1,76.5,78.1,80.0,81.9,83.5,83.7,76.7
486,Poland,Men,Divorced,0.0,0.1,1.0,2.4,3.2,4.2,5.0,5.1,4.6,3.7,2.2
487,Poland,Women,Single,98.4,72.0,29.8,13.0,8.6,6.6,6.0,5.5,5.0,4.3,5.1
488,Poland,Women,Married,1.3,25.2,64.1,78.9,81.6,80.6,77.7,74.1,69.1,61.7,33.8
489,Poland,Women,Divorced,0.0,0.4,2.0,3.8,5.0,6.3,7.3,7.2,6.3,5.1,2.9
490,Republic of Korea,Men,Single,99.8,98.2,81.8,41.3,18.4,8.5,4.5,2.4,1.3,0.8,0.4
491,Republic of Korea,Men,Married,0.2,1.8,17.9,57.2,78.0,85.7,88.1,89.6,90.6,90.8,85.0
492,Republic of Korea,Men,Divorced,0.0,0.1,0.3,1.4,3.3,5.2,6.2,5.9,4.8,3.1,1.3
493,Republic of Korea,Women,Single,99.6,93.7,59.1,19.0,7.6,3.6,2.4,1.7,1.1,0.8,0.5
494,Republic of Korea,Women,Married,0.4,6.2,40.1,78.2,86.8,87.3,84.9,81.8,76.2,67.0,35.9
495,Republic of Korea,Women,Divorced,0.0,0.1,0.7,2.4,4.5,6.5,7.2,6.0,4.3,2.6,1.0
496,Réunion,Men,Single,99.8,96.6,81.7,61.4,47.9,37.6,30.2,24.2,17.8,16.3,12.7
497,Réunion,Men,Married,0.1,3.3,18.0,37.5,49.6,57.6,62.6,66.6,71.7,72.3,70.5
498,Réunion,Men,Divorced,0.0,0.1,0.3,1.1,2.3,4.4,6.4,7.8,8.0,7.4,4.7
499,Réunion,Women,Single,99.1,89.5,69.8,53.1,42.8,36.0,29.7,23.2,18.8,16.4,15.0
500,Réunion,Women,Married,0.9,10.3,28.8,43.6,51.6,55.0,58.7,59.7,58.9,55.5,35.0
501,Réunion,Women,Divorced,0.0,0.1,1.3,2.9,4.9,7.1,8.6,10.0,10.3,8.7,4.0
502,Romania,Men,Single,99.9,93.0,65.1,34.2,21.5,15.6,12.0,10.1,7.4,5.2,2.7
503,Romania,Men,Married,0.1,6.8,33.7,62.3,72.6,76.5,78.6,79.6,82.0,83.6,82.8
504,Romania,Men,Divorced,0.0,0.2,1.2,3.4,5.6,7.5,8.3,8.2,7.2,5.5,2.8
505,Romania,Women,Single,97.4,73.6,40.6,20.7,13.0,9.7,7.0,5.6,4.8,3.9,2.4
506,Romania,Women,Married,2.5,25.4,56.1,72.9,77.6,76.9,75.9,72.8,69.2,62.9,39.5
507,Romania,Women,Divorced,0.0,0.9,3.0,5.8,8.1,10.6,11.1,10.9,9.9,7.7,4.5
508,Russian Federation,Men,Single,98.2,77.5,40.3,21.1,13.0,8.2,6.1,4.5,3.4,2.4,1.3
509,Russian Federation,Men,Married,0.8,14.4,43.7,57.6,62.7,66.5,69.8,72.8,75.0,76.4,68.2
510,Russian Federation,Men,Divorced,0.0,0.8,3.9,7.4,9.5,10.5,10.1,9.0,7.9,6.3,3.2
511,Russian Federation,Women,Single,92.1,57.2,26.3,14.7,9.6,6.6,5.1,4.2,4.0,3.7,3.5
512,Russian Federation,Women,Married,4.0,28.9,52.8,58.6,59.5,60.0,60.7,59.2,54.6,48.3,25.2
513,Russian Federation,Women,Divorced,0.1,2.4,7.0,11.2,14.6,16.2,15.9,14.9,13.9,11.9,6.3
514,Saint Lucia,Men,Single,98.7,83.8,52.4,33.1,28.3,25.4,21.2,18.4,18.3,17.2,16.4
515,Saint Lucia,Men,Married,0.2,1.8,12.8,24.5,32.7,40.7,45.9,53.8,56.3,56.7,54.8
516,Saint Lucia,Men,Divorced,0.0,0.1,0.0,0.3,0.6,0.7,2.2,1.9,2.6,3.0,2.0
517,Saint Lucia,Women,Single,93.2,62.2,40.9,29.5,27.1,27.6,27.7,28.5,25.7,25.5,26.5
518,Saint Lucia,Women,Married,0.3,6.3,19.6,30.2,34.5,40.9,44.6,45.2,45.5,47.4,31.1
519,Saint Lucia,Women,Divorced,0.0,0.0,0.1,0.6,1.1,2.3,2.9,3.6,3.5,3.0,2.1
520,Saint Vincent and the Grenadines,Men,Single,95.5,74.0,52.1,40.9,34.3,30.2,24.0,18.7,19.8,18.5,19.8
521,Saint Vincent and the Grenadines,Men,Married,0.1,1.3,8.2,19.3,26.4,35.8,45.4,52.2,55.4,54.3,51.9
522,Saint Vincent and the Grenadines,Men,Divorced,0.0,0.0,0.1,0.2,0.5,1.0,2.1,3.2,3.0,3.6,3.2
523,Saint Vincent and the Grenadines,Women,Single,83.3,51.2,35.2,27.7,26.2,24.8,24.1,27.7,28.2,28.9,37.7
524,Saint Vincent and the Grenadines,Women,Married,0.4,6.0,17.0,27.7,35.8,39.7,45.8,44.9,47.0,41.2,26.1
525,Saint Vincent and the Grenadines,Women,Divorced,0.0,0.0,0.1,0.7,1.2,2.0,3.6,4.1,3.3,3.3,1.8
526,San Marino,Men,Single,100.0,97.4,77.7,41.8,20.5,14.1,10.3,8.5,7.6,6.4,5.8
527,San Marino,Men,Married,0.0,2.6,22.0,57.3,75.8,82.4,83.8,85.8,87.9,88.2,83.1
528,San Marino,Men,Divorced,0.0,0.0,0.2,0.8,3.5,3.4,5.4,4.9,3.3,1.8,1.0
529,San Marino,Women,Single,99.8,91.6,56.0,27.1,13.1,9.5,7.5,6.2,3.3,3.3,4.4
530,San Marino,Women,Married,0.2,8.4,43.6,70.2,80.6,82.6,83.7,85.5,85.8,80.6,48.2
531,San Marino,Women,Divorced,0.0,0.0,0.3,2.5,6.0,7.0,6.6,4.8,4.8,2.5,0.8
532,Saudi Arabia,Men,Single,99.7,87.7,40.5,13.2,6.0,3.1,1.9,1.8,1.0,1.5,1.1
533,Saudi Arabia,Men,Married,0.3,12.2,58.7,85.6,92.4,95.0,96.8,96.6,97.6,96.1,91.8
534,Saudi Arabia,Men,Divorced,0.0,0.1,0.8,1.2,1.4,1.8,1.2,0.9,0.6,1.0,1.7
535,Saudi Arabia,Women,Single,96.0,59.9,25.8,9.6,4.4,2.3,1.6,1.2,0.8,0.6,0.8
536,Saudi Arabia,Women,Married,3.9,39.2,71.3,85.4,89.0,90.8,90.7,89.5,82.1,77.4,40.4
537,Saudi Arabia,Women,Divorced,0.2,0.8,2.5,3.9,4.0,3.4,3.5,2.6,3.6,3.3,3.1
538,Singapore,Men,Single,99.9,97.6,74.6,37.1,20.4,15.3,13.2,12.1,9.4,7.2,4.9
539,Singapore,Men,Married,0.1,2.2,24.7,60.8,76.6,81.0,82.7,83.1,85.4,86.5,80.9
540,Singapore,Men,Divorced,0.0,0.2,0.7,2.1,2.8,3.5,3.5,3.9,3.8,3.4,2.6
541,Singapore,Women,Single,99.6,91.8,54.0,25.1,17.1,14.1,12.8,13.0,11.8,9.8,4.4
542,Singapore,Women,Married,0.4,7.5,44.2,71.7,77.8,79.3,79.0,76.3,73.5,69.4,42.0
543,Singapore,Women,Divorced,0.0,0.6,1.7,3.1,4.7,5.6,6.3,6.9,7.0,6.2,3.3
544,Slovakia,Men,Single,99.8,95.7,76.5,46.4,26.2,17.9,14.4,11.6,8.7,6.5,3.9
545,Slovakia,Men,Married,0.2,4.1,22.1,48.3,63.2,68.3,71.3,74.6,78.3,81.8,83.9
546,Slovakia,Men,Divorced,0.0,0.1,1.4,5.3,10.4,13.4,13.7,12.5,10.9,8.1,3.7
547,Slovakia,Women,Single,99.0,88.9,59.1,31.4,17.2,11.3,8.7,7.6,6.9,6.2,3.9
548,Slovakia,Women,Married,1.0,10.6,37.6,60.1,68.4,70.4,71.3,70.7,68.1,63.6,37.7
549,Slovakia,Women,Divorced,0.0,0.4,2.9,8.0,13.4,16.1,16.2,14.6,13.0,10.5,5.6
550,Slovenia,Men,Single,99.9,97.1,82.6,57.9,38.9,27.5,20.3,15.7,12.7,9.5,5.6
551,Slovenia,Men,Married,0.1,1.8,10.9,27.0,42.2,54.4,62.2,67.6,71.1,74.8,75.1
552,Slovenia,Men,Divorced,0.0,0.0,0.3,1.2,3.0,5.3,7.2,8.3,9.0,8.5,4.8
553,Slovenia,Women,Single,99.5,91.8,67.5,40.9,24.6,15.9,11.2,8.3,7.3,6.4,7.3
554,Slovenia,Women,Married,0.3,4.8,19.7,38.2,53.3,63.2,68.0,69.8,68.1,65.5,37.5
555,Slovenia,Women,Divorced,0.0,0.2,0.7,2.4,4.8,7.6,9.5,11.0,11.7,10.6,7.3
556,South Sudan,Men,Single,91.5,75.2,47.2,24.3,12.6,7.3,4.1,4.9,2.6,3.8,5.5
557,South Sudan,Men,Married,8.0,23.6,51.3,73.3,85.0,89.6,92.7,91.0,92.5,90.2,85.3
558,South Sudan,Men,Divorced,0.2,0.6,1.0,1.4,1.3,1.5,1.5,1.5,1.3,1.5,1.6
559,South Sudan,Women,Single,71.1,30.2,12.4,7.3,3.8,2.9,2.8,3.0,2.5,3.5,5.6
560,South Sudan,Women,Married,27.5,67.3,84.0,87.6,88.7,86.8,84.2,79.3,72.7,70.7,64.5
561,South Sudan,Women,Divorced,0.8,1.5,1.8,1.7,1.9,1.8,2.2,1.9,2.1,2.2,2.1
562,Spain,Men,Single,99.6,96.6,77.4,45.7,26.2,17.2,13.0,11.1,9.5,8.5,7.0
563,Spain,Men,Married,0.4,3.3,21.6,51.6,68.9,76.8,80.4,82.5,84.2,84.9,78.6
564,Spain,Men,Divorced,0.0,0.0,0.2,0.7,1.7,2.1,2.3,2.1,1.6,1.2,0.5
565,Spain,Women,Single,98.8,91.0,62.6,31.1,18.0,12.7,10.2,8.3,7.5,6.9,8.8
566,Spain,Women,Married,1.1,8.5,35.0,63.6,73.9,77.1,78.2,78.8,77.6,73.8,45.8
567,Spain,Women,Divorced,0.0,0.1,0.6,1.5,2.6,3.4,3.6,2.9,2.1,1.4,0.4
568,State of Palestine,Men,Single,99.4,90.3,55.5,13.0,3.7,1.3,1.2,1.4,0.6,1.2,0.6
569,State of Palestine,Men,Married,0.6,9.4,43.8,86.3,95.5,98.0,98.2,97.9,96.9,95.8,87.6
570,State of Palestine,Men,Divorced,0.0,0.2,0.6,0.5,0.6,0.2,0.5,0.1,0.3,0.3,0.2
571,State of Palestine,Women,Single,93.9,58.5,23.7,14.2,11.3,8.6,7.3,5.7,7.1,6.0,4.6
572,State of Palestine,Women,Married,6.0,39.8,74.4,83.4,85.4,85.0,83.7,80.3,73.5,63.2,37.1
573,State of Palestine,Women,Divorced,0.1,1.3,1.6,1.6,1.3,1.3,1.6,1.6,1.4,1.2,1.0
574,Sudan,Men,Single,97.0,81.0,51.9,29.3,14.8,8.4,5.3,4.2,3.2,3.4,2.7
575,Sudan,Men,Married,2.8,18.5,46.9,69.1,83.3,89.1,92.1,92.8,93.1,92.0,89.2
576,Sudan,Men,Divorced,0.1,0.4,0.9,1.2,1.2,1.5,1.5,1.6,1.8,1.6,2.4
577,Sudan,Women,Single,75.8,39.7,19.7,12.4,7.5,5.4,3.9,3.3,2.8,3.1,3.1
578,Sudan,Women,Married,23.4,57.8,76.8,82.6,86.2,84.6,83.2,77.3,72.7,63.9,49.2
579,Sudan,Women,Divorced,0.6,1.9,2.5,3.1,3.4,3.9,4.1,4.5,4.6,4.8,3.9
580,Suriname,Men,Single,99.3,94.9,79.3,63.9,53.2,45.8,41.3,36.9,31.8,28.8,25.7
581,Suriname,Men,Married,0.5,4.9,19.7,33.8,42.8,48.7,52.3,55.8,58.9,59.9,53.9
582,Suriname,Men,Divorced,0.0,0.1,0.8,2.0,3.7,5.0,5.3,5.2,5.5,5.0,4.1
583,Suriname,Women,Single,96.6,83.6,67.4,55.9,49.5,45.6,41.9,35.9,32.4,28.8,30.2
584,Suriname,Women,Married,3.2,15.6,30.2,39.7,44.4,46.2,47.3,49.0,46.7,43.0,26.9
585,Suriname,Women,Divorced,0.1,0.7,2.1,3.8,4.7,5.5,5.8,6.2,6.4,5.2,4.5
586,Swaziland,Men,Single,98.2,91.2,67.7,41.5,26.2,17.0,13.1,10.1,8.3,8.1,6.0
587,Swaziland,Men,Married,1.6,4.5,20.1,43.8,59.8,69.4,73.8,77.8,79.7,79.6,81.2
588,Swaziland,Men,Divorced,0.0,0.1,0.5,1.1,1.7,2.1,2.2,2.5,2.3,2.5,2.1
589,Swaziland,Women,Single,93.1,68.2,46.9,32.8,23.5,18.7,15.5,13.8,12.8,10.5,7.3
590,Swaziland,Women,Married,3.7,20.1,39.5,53.3,61.8,65.6,68.0,68.7,68.8,67.7,66.0
591,Swaziland,Women,Divorced,0.1,0.5,1.0,1.5,1.9,2.2,2.3,2.3,2.1,1.9,1.2
592,Sweden,Men,Single,99.9,97.3,85.8,66.4,50.8,41.7,35.9,29.6,23.5,17.5,9.9
593,Sweden,Men,Married,0.1,2.5,12.9,30.4,43.3,48.2,49.3,52.4,56.7,62.0,63.8
594,Sweden,Men,Divorced,0.0,0.2,1.3,3.2,5.8,9.9,14.5,17.5,18.6,18.4,14.7
595,Sweden,Women,Single,99.5,92.3,75.2,53.8,40.4,33.4,28.6,22.3,17.0,11.9,6.5
596,Sweden,Women,Married,0.5,7.0,22.2,40.9,50.4,51.8,51.5,54.6,57.9,59.8,42.2
597,Sweden,Women,Divorced,0.0,0.6,2.6,5.2,8.9,14.2,18.9,21.1,21.5,21.8,16.1
598,Switzerland,Men,Single,99.9,95.4,78.5,54.7,36.1,24.7,17.7,13.2,10.6,8.6,6.3
599,Switzerland,Men,Married,0.1,4.6,20.8,42.7,58.1,65.9,69.8,72.6,74.4,76.5,75.3
600,Switzerland,Men,Divorced,0.0,0.1,0.7,2.6,5.6,9.2,12.1,13.5,13.6,12.5,7.7
601,Switzerland,Women,Single,99.3,87.9,64.7,39.4,24.2,17.3,13.5,11.1,9.2,7.9,8.5
602,Switzerland,Women,Married,0.7,11.9,33.6,56.2,67.1,69.2,69.2,69.1,68.4,66.9,44.5
603,Switzerland,Women,Divorced,0.0,0.2,1.6,4.3,8.2,12.5,15.4,16.6,16.8,15.8,9.4
604,Syrian Arab Republic,Men,Single,99.8,90.9,61.2,26.6,7.3,3.6,1.5,0.7,0.9,0.8,0.8
605,Syrian Arab Republic,Men,Married,0.2,9.0,38.1,72.7,91.9,95.6,97.4,96.9,96.9,96.5,93.1
606,Syrian Arab Republic,Men,Divorced,0.0,0.1,0.6,0.6,0.6,0.6,0.5,1.1,0.1,0.2,0.3
607,Syrian Arab Republic,Women,Single,89.1,57.2,37.9,21.4,11.1,6.6,4.6,3.2,1.7,1.3,3.3
608,Syrian Arab Republic,Women,Married,10.8,42.4,60.9,77.5,86.3,88.9,87.5,82.7,80.1,71.7,65.8
609,Syrian Arab Republic,Women,Divorced,0.1,0.4,0.5,0.6,0.5,0.5,1.7,1.2,0.1,0.7,0.0
610,Tajikistan,Men,Single,97.8,68.6,20.0,6.1,3.0,1.6,1.0,0.8,0.7,0.8,1.3
611,Tajikistan,Men,Married,1.8,29.5,75.1,86.3,89.1,91.8,93.4,93.7,92.6,90.3,74.3
612,Tajikistan,Men,Divorced,0.1,0.4,1.1,1.5,1.6,1.3,1.0,0.9,0.8,0.7,0.6
613,Tajikistan,Women,Single,86.6,34.5,14.7,6.8,3.3,1.9,1.4,1.1,1.1,1.3,2.1
614,Tajikistan,Women,Married,12.2,59.7,74.2,78.3,81.3,82.9,82.5,79.7,72.9,62.9,36.9
615,Tajikistan,Women,Divorced,0.2,1.9,3.8,5.0,4.9,4.2,3.6,2.9,2.4,1.7,0.9
616,Thailand,Men,Single,96.6,77.6,44.9,22.6,12.9,7.9,5.2,3.5,2.7,2.1,1.6
617,Thailand,Men,Married,3.3,21.5,53.1,74.8,84.1,88.5,90.8,91.5,90.6,87.8,77.7
618,Thailand,Men,Divorced,0.0,0.3,0.6,0.8,0.9,1.0,0.9,0.8,0.6,0.6,0.4
619,Thailand,Women,Single,88.8,56.0,29.0,16.2,11.7,9.3,8.0,6.6,5.2,4.3,3.0
620,Thailand,Women,Married,10.7,41.5,67.2,78.8,81.9,82.1,80.5,77.4,72.6,65.3,45.9
621,Thailand,Women,Divorced,0.2,0.7,1.0,1.3,1.6,1.8,1.8,1.6,1.3,1.0,0.6
622,Tonga,Men,Single,98.8,82.5,50.6,28.0,17.1,12.0,9.9,7.6,6.1,5.7,5.0
623,Tonga,Men,Married,1.2,16.9,48.0,69.1,79.7,84.0,85.5,86.2,86.8,84.1,74.3
624,Tonga,Men,Divorced,0.0,0.3,1.2,2.2,2.3,2.7,2.5,3.1,2.6,2.4,1.8
625,Tonga,Women,Single,95.6,68.3,36.3,19.6,13.4,10.4,9.5,7.7,6.4,7.1,6.7
626,Tonga,Women,Married,4.1,30.5,60.4,76.5,81.9,82.1,79.7,78.5,75.8,67.6,48.5
627,Tonga,Women,Divorced,0.1,1.0,2.5,3.0,3.0,3.9,4.4,3.5,2.6,2.8,1.4
628,Trinidad and Tobago,Men,Single,99.6,93.2,73.1,54.1,42.5,33.9,28.1,23.6,19.6,18.5,15.5
629,Trinidad and Tobago,Men,Married,0.4,6.6,26.0,43.4,53.4,59.9,64.0,66.3,68.8,66.7,58.9
630,Trinidad and Tobago,Men,Divorced,0.0,0.1,0.5,1.3,2.5,3.7,4.6,5.5,5.3,5.3,3.7
631,Trinidad and Tobago,Women,Single,97.4,81.4,58.7,42.3,33.9,29.5,25.9,22.8,19.5,17.1,16.5
632,Trinidad and Tobago,Women,Married,2.5,18.1,39.1,52.9,58.7,59.9,60.1,58.0,55.5,49.3,31.3
633,Trinidad and Tobago,Women,Divorced,0.0,0.2,1.1,2.4,3.8,5.1,6.0,6.4,5.5,5.2,3.0
634,Turks and Caicos Islands,Men,Single,99.4,83.1,47.9,29.1,16.9,14.5,10.0,6.4,6.0,6.2,5.4
635,Turks and Caicos Islands,Men,Married,0.6,16.6,50.2,68.9,80.1,79.1,82.1,83.2,84.5,82.1,72.2
636,Turks and Caicos Islands,Men,Divorced,0.0,0.3,0.8,0.9,1.4,2.9,3.9,6.6,6.7,4.1,5.1
637,Turks and Caicos Islands,Women,Single,91.4,63.8,37.9,29.3,24.4,21.6,18.0,15.4,13.4,16.1,17.3
638,Turks and Caicos Islands,Women,Married,8.4,35.2,60.3,65.8,70.7,70.4,69.8,69.5,61.6,59.4,39.5
639,Turks and Caicos Islands,Women,Divorced,0.0,0.4,0.6,3.1,2.0,4.1,6.6,5.9,9.4,2.8,2.1
640,United Arab Emirates,Men,Single,97.6,73.6,45.3,16.0,6.6,3.3,2.3,1.6,1.3,1.1,2.2
641,United Arab Emirates,Men,Married,2.4,26.0,54.0,83.1,92.5,95.7,97.0,97.4,97.2,96.3,90.0
642,United Arab Emirates,Men,Divorced,0.0,0.2,0.3,0.4,0.4,0.5,0.5,0.5,0.5,0.8,1.1
643,United Arab Emirates,Women,Single,93.2,63.1,31.2,14.7,7.6,4.2,2.8,2.0,1.7,1.2,2.4
644,United Arab Emirates,Women,Married,6.7,36.0,67.0,82.6,88.7,90.4,88.5,84.1,76.1,61.7,35.8
645,United Arab Emirates,Women,Divorced,0.1,0.7,1.5,1.9,2.2,2.4,2.7,2.8,3.3,3.2,3.1
646,United Kingdom,Men,Single,99.9,96.9,81.7,57.3,38.7,27.6,20.1,14.9,11.3,8.7,6.9
647,United Kingdom,Men,Married,0.1,3.0,17.2,38.8,53.5,60.6,64.9,68.5,71.9,75.0,70.4
648,United Kingdom,Men,Divorced,0.0,0.1,1.1,3.7,7.7,11.5,14.4,15.5,14.9,13.0,7.7
649,United Kingdom,Women,Single,99.6,93.3,71.9,47.8,31.8,22.0,15.1,10.2,7.0,5.1,5.3
650,United Kingdom,Women,Married,0.4,6.4,25.8,46.1,57.1,61.8,64.9,67.8,69.6,69.7,44.8
651,United Kingdom,Women,Divorced,0.0,0.3,2.2,5.8,10.6,15.4,18.5,19.0,18.0,15.9,8.5
652,Uruguay,Men,Single,96.7,75.0,48.4,29.6,20.7,16.6,14.1,12.5,11.4,10.9,8.9
653,Uruguay,Men,Married,0.1,2.7,11.5,26.0,38.8,47.4,52.2,54.8,57.6,59.6,61.9
654,Uruguay,Men,Divorced,0.0,0.1,0.5,1.7,3.2,5.1,6.9,8.6,9.0,8.8,6.3
655,Uruguay,Women,Single,88.7,61.3,37.7,24.3,18.3,14.6,12.4,11.8,10.5,9.5,8.3
656,Uruguay,Women,Married,0.8,5.8,17.4,32.1,42.1,47.9,50.1,49.8,50.4,48.5,30.5
657,Uruguay,Women,Divorced,0.0,0.3,1.2,3.3,6.2,9.4,12.2,14.1,14.1,13.3,8.4
658,Venezuela (Bolivarian Republic of),Men,Single,94.9,69.3,42.8,26.6,20.2,16.7,14.1,12.7,12.5,12.6,14.4
659,Venezuela (Bolivarian Republic of),Men,Married,0.8,9.0,24.0,36.1,41.8,44.7,48.2,50.5,52.0,52.2,48.4
660,Venezuela (Bolivarian Republic of),Men,Divorced,0.0,0.1,0.6,1.4,2.0,2.5,2.8,3.2,3.3,3.1,2.5
661,Venezuela (Bolivarian Republic of),Women,Single,82.9,51.4,30.8,20.2,16.6,15.1,14.0,13.9,14.0,14.4,16.8
662,Venezuela (Bolivarian Republic of),Women,Married,3.9,16.8,30.2,38.5,41.1,41.8,42.4,41.7,40.1,35.9,23.3
663,Venezuela (Bolivarian Republic of),Women,Divorced,0.0,0.4,1.4,2.7,4.1,5.7,7.1,7.9,7.7,6.6,4.2
664,Yemen,Men,Single,96.9,70.4,29.3,10.0,5.4,1.9,1.4,1.3,0.4,0.6,0.5
665,Yemen,Men,Married,2.8,28.5,68.1,87.0,91.9,94.4,94.4,91.8,94.3,91.3,91.1
666,Yemen,Men,Divorced,0.2,0.4,1.1,1.4,0.9,1.2,1.0,1.7,1.0,1.3,1.1
667,Yemen,Women,Single,82.8,41.0,15.2,6.2,2.7,2.1,0.5,1.5,0.8,1.0,0.0
668,Yemen,Women,Married,16.6,56.7,81.1,88.9,91.2,88.5,87.0,83.1,75.0,59.7,57.5
669,Yemen,Women,Divorced,0.6,2.1,2.6,2.7,2.5,2.6,2.4,2.3,2.8,2.9,1.2
